{"NewJSON":[{"AOR":"Africa Command","Other_attrubutes":"Desciptions of place and other pertinent infor about this document","Coordinates":[9.055024,7.431886],"Country":"Nigeria","Latitude":9.055024,"Longitude":7.431886,"Name":"ExampleDoc"},{"AOR":"Southern Command","Other_attrubutes":"Desciptions of place and other pertinent infor about this document","Coordinates":[-17.923133,-61.599351],"Country":"Boliivia","Latitude":-17.923133,"Longitude":-61.599351,"Name":"ExampleDoc2"},{"AOR":"Indo-Pacific Command","Other_attrubutes":"Desciptions of place and other pertinent infor about this document","Coordinates":[-14.609406,121.023255],"Country":"Philippines","Latitude":-14.609406,"Longitude":121.023255,"Name":"ExampleDoc3"},{"AOR":"European Command","Other_attrubutes":"Desciptions of place and other pertinent infor about this document","Coordinates":[46.911084,3.317892],"Country":"France","Latitude":46.911084,"Longitude":3.317892,"Name":"ExampleDoc4"},{"AOR":"Central Command","Other_attrubutes":"Desciptions of place and other pertinent infor about this document","Coordinates":[36.615071,59.935671],"Country":"Iran","Latitude":36.615071,"Longitude":59.935671,"Name":"ExampleDoc5"},{"AOR":"Northern Command","Other_attrubutes":"Desciptions of place and other pertinent infor about this document","Coordinates":[38.996789,-94.566157],"Country":"USA","Latitude":38.996789,"Longitude":-94.566157,"Name":"ExampleDoc6"}]}